time,running,pending,quota_gib,unsteady,done_0.25x,done_base_fo,done_base_lu,done_4x,done_16x
2026-10-05T13:59:27+03:00,116,123,228.5,24,0,0,4500,0,15
2026-10-05T14:11:17+03:00,116,124,228.9,24,0,0,4500,0,18
2026-10-05T14:21:35+03:00,117,123,225.9,24,0,0,4500,0,22
2026-10-05T14:36:27+03:00,117,123,229.7,18,0,0,4476,0,23
2026-10-05T14:48:12+03:00,119,121,227.7,18,0,0,4476,0,25
2026-10-05T15:08:32+03:00,119,121,225.3,18,0,0,4476,0,31
2026-10-05T15:22:54+03:00,127,113,225.3,18,0,0,4478,0,32
2026-10-05T15:33:32+03:00,127,108,224.7,18,12,0,4488,0,34
2026-10-05T15:43:44+03:00,127,113,220.2,18,86,0,4495,0,38
2026-10-05T16:14:44+03:00,127,113,220.2,18,451,0,4500,0,38
2026-10-05T16:25:23+03:00,127,113,220.3,18,572,0,4500,0,39
2026-10-05T16:36:25+03:00,127,113,218.6,18,724,0,4500,0,40
2026-10-05T16:46:27+03:00,127,113,217.8,18,854,0,4500,0,41
2026-10-05T16:56:31+03:00,128,112,218.0,18,1011,0,4500,0,42
2026-10-05T16:58:37+03:00,128,89,216.3,18,1045,0,4500,0,43
2026-10-05T17:29:47+03:00,128,112,208.6,18,1609,0,4500,0,52
